epoch,time,train/box_loss,train/cls_loss,train/dfl_loss,metrics/precision(B),metrics/recall(B),metrics/mAP50(B),metrics/mAP50-95(B),val/box_loss,val/cls_loss,val/dfl_loss,lr/pg0,lr/pg1,lr/pg2
1,20.0643,1.50488,7.53566,1.33196,0.20662,0.21615,0.08723,0.03545,1.95955,8.72861,1.59353,0.00062,0.00062,0.00062
2,35.595,1.62879,2.16567,1.29367,0.05613,0.15067,0.02269,0.00837,2.2133,5.92799,2.45955,0.00125376,0.00125376,0.00125376
3,50.4039,1.66987,1.92917,1.35746,3e-05,0.00572,1e-05,0,nan,nan,nan,0.00188119,0.00188119,0.00188119
4,63.953,1.74834,1.88417,1.42471,0.10718,0.10045,0.0233,0.00882,2.48744,6.91636,3.12312,0.0019703,0.0019703,0.0019703
5,77.5819,1.69187,1.59075,1.44054,0.01179,0.20661,0.00612,0.00218,nan,nan,nan,0.0019604,0.0019604,0.0019604
6,91.6026,1.76286,1.50232,1.42087,0.03561,0.41322,0.02824,0.01136,1.98329,27.4433,1.82629,0.0019505,0.0019505,0.0019505
7,105.217,1.58948,1.39873,1.35586,0.01382,0.15257,0.00869,0.00328,2.30341,15.0682,1.91077,0.0019406,0.0019406,0.0019406
8,118.849,1.59613,1.36756,1.31305,0.32142,0.40623,0.23007,0.10325,1.85441,2.80643,1.49803,0.0019307,0.0019307,0.0019307
9,132.628,1.55152,1.30422,1.33431,0.4852,0.49252,0.39893,0.17493,1.78959,2.64567,1.51628,0.0019208,0.0019208,0.0019208
10,146.418,1.54291,1.31062,1.32547,0.40264,0.49921,0.31507,0.13688,1.85715,3.36264,1.49656,0.0019109,0.0019109,0.0019109
11,160.134,1.53187,1.26665,1.29319,0.49144,0.49523,0.38574,0.16781,1.85113,2.03589,1.47844,0.001901,0.001901,0.001901
12,173.724,1.50879,1.22811,1.29253,0.67247,0.5391,0.55485,0.24468,1.80267,1.67797,1.47972,0.0018911,0.0018911,0.0018911
13,187.421,1.48432,1.20041,1.25646,0.61285,0.53147,0.53322,0.23897,1.78381,1.82668,1.4445,0.0018812,0.0018812,0.0018812
14,201.113,1.42641,1.12826,1.22918,0.66667,0.57599,0.59662,0.2557,1.8499,1.40653,1.5019,0.0018713,0.0018713,0.0018713
15,214.769,1.51908,1.19224,1.23722,0.68623,0.57977,0.62662,0.27672,1.81862,1.33069,1.49564,0.0018614,0.0018614,0.0018614
16,228.511,1.42946,1.14324,1.20002,0.59914,0.55681,0.54262,0.24162,1.8291,1.52863,1.46487,0.0018515,0.0018515,0.0018515
17,242.46,1.40841,1.08993,1.22031,0.69157,0.63148,0.63052,0.28832,1.70693,1.56521,1.36653,0.0018416,0.0018416,0.0018416
18,256.455,1.37497,1.0688,1.18834,0.73055,0.60521,0.65067,0.30227,1.72785,1.22829,1.385,0.0018317,0.0018317,0.0018317
19,270.692,1.37208,1.03084,1.17615,0.70764,0.61241,0.62481,0.29096,1.733,1.26511,1.41577,0.0018218,0.0018218,0.0018218
20,284.8,1.36415,1.04941,1.19532,0.61994,0.58932,0.54366,0.25657,1.72661,1.50394,1.37301,0.0018119,0.0018119,0.0018119
21,298.676,1.35038,0.97723,1.1951,0.69706,0.61983,0.62254,0.28163,1.71269,1.24888,1.40594,0.001802,0.001802,0.001802
22,312.248,1.31798,0.98491,1.18292,0.72384,0.61538,0.63853,0.30362,1.69401,1.29864,1.39789,0.0017921,0.0017921,0.0017921
23,325.884,1.28151,0.93476,1.14223,0.75521,0.61856,0.66878,0.30287,1.7872,1.184,1.41331,0.0017822,0.0017822,0.0017822
24,339.53,1.30095,0.94987,1.15303,0.76577,0.64846,0.69331,0.31977,1.71599,1.18145,1.40312,0.0017723,0.0017723,0.0017723
25,353.182,1.30725,0.96512,1.14599,0.60443,0.54228,0.52072,0.24528,1.70515,1.69411,1.38778,0.0017624,0.0017624,0.0017624
26,366.744,1.307,0.98474,1.16401,0.80116,0.59939,0.66784,0.31891,1.67958,1.16274,1.38975,0.0017525,0.0017525,0.0017525
27,380.792,1.29342,0.96741,1.1517,0.66226,0.56898,0.59638,0.28546,1.7743,1.34055,1.41467,0.0017426,0.0017426,0.0017426
28,394.732,1.24054,0.90629,1.15828,0.6253,0.6014,0.56503,0.27036,1.71131,1.30835,1.40425,0.0017327,0.0017327,0.0017327
29,408.62,1.28078,0.8684,1.15634,0.74957,0.66815,0.70358,0.33006,1.72251,1.07993,1.37741,0.0017228,0.0017228,0.0017228
30,422.617,1.25766,0.87421,1.12359,0.78736,0.67133,0.70367,0.33251,1.67074,1.11057,1.37802,0.0017129,0.0017129,0.0017129
31,436.707,1.25581,0.85969,1.12794,0.78521,0.65925,0.70701,0.32594,1.68937,1.13702,1.39147,0.001703,0.001703,0.001703
32,450.569,1.2341,0.87866,1.11742,0.76183,0.62631,0.66786,0.31515,1.6985,1.16084,1.37628,0.0016931,0.0016931,0.0016931
33,464.6,1.24274,0.85376,1.09834,0.76842,0.68913,0.71775,0.34915,1.64277,1.14033,1.39154,0.0016832,0.0016832,0.0016832
34,478.633,1.24868,0.83079,1.13243,0.79287,0.67832,0.71967,0.32932,1.72146,1.10896,1.39775,0.0016733,0.0016733,0.0016733
35,492.231,1.22064,0.81205,1.10375,0.7943,0.65035,0.69173,0.31657,1.75168,1.1699,1.41657,0.0016634,0.0016634,0.0016634
36,506.991,1.26677,0.87735,1.11443,0.72677,0.63891,0.65877,0.31106,1.70634,1.17121,1.42817,0.0016535,0.0016535,0.0016535
37,522.287,1.21791,0.80613,1.11278,0.77923,0.62556,0.68067,0.31988,1.72487,1.11262,1.41935,0.0016436,0.0016436,0.0016436
38,538.136,1.18657,0.82548,1.09844,0.74319,0.66047,0.66314,0.31686,1.68394,1.09643,1.37347,0.0016337,0.0016337,0.0016337
39,554.172,1.27629,0.90145,1.11085,0.72421,0.64654,0.68481,0.33249,1.66983,1.12861,1.39149,0.0016238,0.0016238,0.0016238
40,569.868,1.19254,0.8441,1.11896,0.71837,0.65673,0.67129,0.32136,1.67472,1.15716,1.38266,0.0016139,0.0016139,0.0016139
41,585.535,1.16331,0.79555,1.10976,0.79092,0.65671,0.70683,0.33089,1.68071,1.06045,1.38024,0.001604,0.001604,0.001604
42,601.207,1.21653,0.7685,1.1056,0.75953,0.67896,0.70468,0.33501,1.69511,1.12423,1.38215,0.0015941,0.0015941,0.0015941
43,616.876,1.13403,0.8383,1.03704,0.76718,0.6515,0.67571,0.3144,1.70514,1.16287,1.37228,0.0015842,0.0015842,0.0015842
44,632.819,1.15568,0.79271,1.09453,0.78293,0.68328,0.72636,0.35537,1.64945,1.01293,1.36441,0.0015743,0.0015743,0.0015743
45,648.456,1.18717,0.77498,1.0899,0.77596,0.69358,0.72161,0.34783,1.67128,1.03609,1.39387,0.0015644,0.0015644,0.0015644
46,664.161,1.10921,0.71491,1.06192,0.80001,0.68913,0.72648,0.35302,1.64767,1.02847,1.36765,0.0015545,0.0015545,0.0015545
47,679.881,1.16435,0.75074,1.07924,0.79584,0.67069,0.70918,0.34681,1.65255,1.08094,1.36496,0.0015446,0.0015446,0.0015446
48,696.126,1.16108,0.75109,1.08048,0.77521,0.63141,0.68569,0.33316,1.65625,1.10757,1.38155,0.0015347,0.0015347,0.0015347
49,712.002,1.11734,0.75664,1.08724,0.76213,0.67006,0.70146,0.33279,1.69559,1.13252,1.3781,0.0015248,0.0015248,0.0015248
50,727.584,1.12237,0.72167,1.07274,0.79167,0.71268,0.74103,0.35393,1.66682,1.00554,1.35846,0.0015149,0.0015149,0.0015149
51,743.088,1.12977,0.75247,1.05864,0.79047,0.67896,0.70443,0.33839,1.68725,1.00756,1.39611,0.001505,0.001505,0.001505
52,758.719,1.14932,0.73438,1.07713,0.79954,0.67133,0.70843,0.33799,1.69795,1.07995,1.39116,0.0014951,0.0014951,0.0014951
53,774.42,1.09904,0.72692,1.05908,0.77396,0.70312,0.71718,0.34977,1.62635,1.04293,1.39172,0.0014852,0.0014852,0.0014852
54,790.147,1.12743,0.73033,1.06028,0.80088,0.67959,0.72214,0.35161,1.67597,1.04079,1.40142,0.0014753,0.0014753,0.0014753
55,806.008,1.09489,0.69653,1.05157,0.80815,0.67896,0.73209,0.3533,1.66492,0.99657,1.37607,0.0014654,0.0014654,0.0014654
56,821.931,1.08433,0.70231,1.02233,0.81131,0.65798,0.70886,0.33807,1.67527,1.08509,1.38492,0.0014555,0.0014555,0.0014555
57,837.953,1.05048,0.69524,1.02607,0.74814,0.70627,0.72429,0.35126,1.67809,1.05222,1.39849,0.0014456,0.0014456,0.0014456
58,853.96,1.08355,0.69701,1.05397,0.77983,0.70057,0.74039,0.35378,1.64044,1.03948,1.39519,0.0014357,0.0014357,0.0014357
59,869.672,1.05066,0.67359,1.03575,0.79245,0.70184,0.72996,0.35,1.64337,1.0214,1.38355,0.0014258,0.0014258,0.0014258
60,885.428,1.06876,0.67869,1.04683,0.8202,0.70471,0.7436,0.36682,1.62228,1.02374,1.3562,0.0014159,0.0014159,0.0014159
61,901.174,1.01834,0.65549,1.0145,0.78009,0.70184,0.72498,0.35131,1.68982,1.01618,1.3868,0.001406,0.001406,0.001406
62,916.901,1.04056,0.6662,1.0157,0.7993,0.70693,0.73174,0.36411,1.6444,1.00101,1.36755,0.0013961,0.0013961,0.0013961
63,932.861,1.04625,0.67142,1.0223,0.80339,0.6815,0.7341,0.35428,1.66219,1.0081,1.39947,0.0013862,0.0013862,0.0013862
64,948.551,1.00213,0.6435,1.00797,0.80885,0.69866,0.73959,0.3597,1.64943,0.98007,1.37452,0.0013763,0.0013763,0.0013763
65,964.296,1.02645,0.66113,1.0334,0.79939,0.69231,0.72919,0.35126,1.65938,1.00829,1.36959,0.0013664,0.0013664,0.0013664
66,979.999,1.05723,0.6634,1.03701,0.7613,0.70693,0.72566,0.35719,1.63391,0.98406,1.37719,0.0013565,0.0013565,0.0013565
67,995.819,1.00957,0.64774,1.0225,0.81629,0.69739,0.74194,0.36501,1.64247,1.00616,1.37532,0.0013466,0.0013466,0.0013466
68,1011.66,1.0581,0.66786,1.02429,0.81292,0.68232,0.72796,0.34336,1.67682,1.00537,1.38923,0.0013367,0.0013367,0.0013367
69,1027.27,0.98262,0.65879,1.01293,0.7919,0.69913,0.73102,0.35729,1.66091,0.96358,1.40072,0.0013268,0.0013268,0.0013268
70,1042.97,0.99092,0.62633,1.01317,0.81502,0.69803,0.73599,0.35799,1.64651,0.98778,1.37799,0.0013169,0.0013169,0.0013169
71,1058.8,0.981,0.60342,1.00271,0.83655,0.6993,0.75743,0.36989,1.6612,1.02595,1.37212,0.001307,0.001307,0.001307
72,1074.88,0.97485,0.63165,1.0032,0.79747,0.6993,0.73075,0.35544,1.63857,1.02379,1.39012,0.0012971,0.0012971,0.0012971
73,1090.82,1.0123,0.65326,0.99413,0.77638,0.71732,0.73676,0.36038,1.64389,0.99172,1.38747,0.0012872,0.0012872,0.0012872
74,1106.43,0.98376,0.68322,1.02262,0.7826,0.70716,0.73086,0.35227,1.64709,0.98569,1.40616,0.0012773,0.0012773,0.0012773
75,1122.2,0.94336,0.68218,1.02132,0.84216,0.69194,0.75059,0.36798,1.64485,1.01933,1.36966,0.0012674,0.0012674,0.0012674
76,1137.98,0.97483,0.66009,1.00977,0.83084,0.6994,0.74387,0.35772,1.67162,1.00086,1.39479,0.0012575,0.0012575,0.0012575
77,1153.89,0.94411,0.61786,0.99072,0.78597,0.69569,0.72928,0.35568,1.67759,0.97544,1.37795,0.0012476,0.0012476,0.0012476
78,1169.59,0.92031,0.58396,0.99782,0.83652,0.68638,0.74516,0.36822,1.64612,0.96807,1.40353,0.0012377,0.0012377,0.0012377
79,1185.22,0.9607,0.63344,0.99574,0.83321,0.69549,0.75502,0.37582,1.62553,0.98304,1.36056,0.0012278,0.0012278,0.0012278
80,1200.9,0.91818,0.59119,0.99699,0.82955,0.73326,0.77317,0.38797,1.59093,0.92063,1.33937,0.0012179,0.0012179,0.0012179
81,1216.66,0.9412,0.59218,0.9801,0.79792,0.73109,0.75166,0.37016,1.61545,0.92403,1.38586,0.001208,0.001208,0.001208
82,1232.5,0.90362,0.58834,0.98183,0.82213,0.72092,0.76619,0.37839,1.60804,0.94085,1.3473,0.0011981,0.0011981,0.0011981
83,1248.13,0.923,0.61036,0.99786,0.77551,0.74062,0.76079,0.36835,1.64731,0.94539,1.37617,0.0011882,0.0011882,0.0011882
84,1263.88,0.9264,0.59895,0.99106,0.81328,0.71716,0.75108,0.35866,1.641,0.98266,1.40509,0.0011783,0.0011783,0.0011783
85,1279.44,0.9628,0.61438,0.99133,0.8285,0.71583,0.75403,0.36999,1.6303,0.96168,1.35643,0.0011684,0.0011684,0.0011684
86,1295.14,0.97807,0.65006,0.97278,0.82726,0.71011,0.76246,0.37488,1.61543,0.93999,1.37003,0.0011585,0.0011585,0.0011585
87,1310.75,0.94353,0.5931,0.99355,0.81394,0.72028,0.74914,0.3689,1.60585,0.95153,1.38775,0.0011486,0.0011486,0.0011486
88,1326.41,0.91774,0.59065,0.98628,0.83561,0.70566,0.75686,0.36971,1.63715,0.98201,1.38781,0.0011387,0.0011387,0.0011387
89,1342.17,0.96005,0.59968,1.00248,0.81992,0.70915,0.75752,0.37001,1.63624,0.93088,1.37392,0.0011288,0.0011288,0.0011288
90,1357.89,0.92603,0.59265,0.97625,0.79857,0.7057,0.74989,0.37134,1.62734,0.95441,1.34863,0.0011189,0.0011189,0.0011189
91,1373.65,0.89288,0.58924,0.97782,0.81965,0.70312,0.75206,0.36928,1.62164,0.92988,1.3693,0.001109,0.001109,0.001109
92,1389.25,0.92322,0.59202,0.96342,0.82597,0.70375,0.75574,0.36463,1.63354,0.974,1.3982,0.0010991,0.0010991,0.0010991
93,1404.91,0.90038,0.55882,0.96184,0.83963,0.72982,0.7657,0.3847,1.60943,0.9407,1.36196,0.0010892,0.0010892,0.0010892
94,1420.47,0.9744,0.57935,0.9865,0.83088,0.70375,0.74575,0.38138,1.58977,0.94182,1.38896,0.0010793,0.0010793,0.0010793
95,1436.16,0.90097,0.55859,0.95793,0.78125,0.74698,0.76066,0.38731,1.57361,0.91314,1.35703,0.0010694,0.0010694,0.0010694
96,1452.04,0.89112,0.56227,0.96999,0.82727,0.69294,0.74923,0.36814,1.62714,0.98972,1.38063,0.0010595,0.0010595,0.0010595
97,1467.77,0.84556,0.52833,0.94446,0.81879,0.72727,0.77803,0.38597,1.60038,0.94611,1.351,0.0010496,0.0010496,0.0010496
98,1483.47,0.87667,0.562,0.95063,0.82861,0.71202,0.76407,0.38403,1.58276,0.93272,1.36244,0.0010397,0.0010397,0.0010397
99,1499.43,0.86911,0.55144,0.96581,0.83122,0.70884,0.75238,0.37687,1.62658,0.94419,1.38125,0.0010298,0.0010298,0.0010298
100,1515.42,0.85317,0.54687,0.96324,0.81577,0.72065,0.75755,0.3766,1.60947,0.93968,1.37776,0.0010199,0.0010199,0.0010199
101,1531.43,0.91156,0.54303,0.98669,0.84624,0.69624,0.76342,0.37652,1.61173,0.92749,1.40101,0.00101,0.00101,0.00101
102,1547.41,0.89808,0.56449,0.98754,0.82883,0.69877,0.75523,0.36916,1.64664,0.97514,1.40609,0.0010001,0.0010001,0.0010001
103,1563.1,0.89841,0.55445,0.96686,0.80944,0.71329,0.75033,0.37052,1.61729,0.94082,1.37482,0.0009902,0.0009902,0.0009902
104,1578.81,0.81986,0.52607,0.94558,0.78915,0.74571,0.7638,0.37749,1.57191,0.89548,1.34392,0.0009803,0.0009803,0.0009803
105,1594.68,0.82362,0.52957,0.92458,0.83153,0.726,0.77661,0.38942,1.59671,0.93817,1.36993,0.0009704,0.0009704,0.0009704
106,1609.75,0.85658,0.53726,0.93542,0.80888,0.72664,0.76643,0.37584,1.61182,0.94902,1.39277,0.0009605,0.0009605,0.0009605
107,1624.08,0.84385,0.52495,0.94083,0.81448,0.74444,0.76432,0.38181,1.59366,0.92309,1.39977,0.0009506,0.0009506,0.0009506
108,1638.26,0.81675,0.51246,0.93432,0.81735,0.74317,0.76816,0.37669,1.5727,0.90768,1.36287,0.0009407,0.0009407,0.0009407
109,1652.22,0.84037,0.52455,0.93172,0.81222,0.70693,0.74969,0.37597,1.61131,0.93421,1.39514,0.0009308,0.0009308,0.0009308
110,1666.96,0.86764,0.55648,0.958,0.82579,0.69914,0.74812,0.35822,1.64774,0.97917,1.42057,0.0009209,0.0009209,0.0009209
111,1680.95,0.82971,0.50974,0.945,0.81268,0.73088,0.763,0.37683,1.58979,0.93813,1.38655,0.000911,0.000911,0.000911
112,1696.09,0.80401,0.51906,0.9352,0.82671,0.70312,0.7589,0.37215,1.62009,0.97094,1.38211,0.0009011,0.0009011,0.0009011
113,1711.86,0.83224,0.52836,0.93846,0.82318,0.72727,0.76565,0.38353,1.6137,0.93565,1.37935,0.0008912,0.0008912,0.0008912
114,1727.37,0.80322,0.52272,0.91845,0.79926,0.73427,0.76693,0.3835,1.59727,0.90289,1.38487,0.0008813,0.0008813,0.0008813
115,1743.05,0.86911,0.54641,0.95087,0.8328,0.70693,0.76242,0.37762,1.60655,0.95166,1.39226,0.0008714,0.0008714,0.0008714
116,1758.79,0.7805,0.5114,0.93066,0.82724,0.73059,0.77607,0.39304,1.58793,0.88217,1.3796,0.0008615,0.0008615,0.0008615
117,1774.64,0.80197,0.50487,0.92802,0.84296,0.72005,0.77452,0.38761,1.6104,0.9096,1.37862,0.0008516,0.0008516,0.0008516
118,1790.49,0.80505,0.5092,0.91258,0.82708,0.72976,0.76398,0.37955,1.60555,0.91109,1.37793,0.0008417,0.0008417,0.0008417
119,1806.14,0.79979,0.49985,0.91871,0.8046,0.72282,0.76051,0.37591,1.61561,0.93683,1.39149,0.0008318,0.0008318,0.0008318
120,1821.82,0.81657,0.49288,0.93248,0.83338,0.70439,0.76812,0.38267,1.59865,0.92816,1.36169,0.0008219,0.0008219,0.0008219
121,1837.67,0.77737,0.48988,0.92483,0.82221,0.72323,0.7766,0.3852,1.58142,0.87947,1.37185,0.000812,0.000812,0.000812
122,1853.64,0.79718,0.4958,0.91227,0.81654,0.74979,0.78218,0.3935,1.59327,0.88747,1.37612,0.0008021,0.0008021,0.0008021
123,1869.38,0.78676,0.49147,0.92251,0.83695,0.72982,0.77772,0.39302,1.59662,0.91768,1.36825,0.0007922,0.0007922,0.0007922
124,1884.95,0.79227,0.49019,0.93562,0.82582,0.72028,0.76289,0.37479,1.61049,0.98047,1.37647,0.0007823,0.0007823,0.0007823
125,1900.68,0.77108,0.47133,0.91893,0.83884,0.73744,0.78562,0.39248,1.591,0.92026,1.3659,0.0007724,0.0007724,0.0007724
126,1916.24,0.7819,0.52741,0.91979,0.82689,0.7227,0.77533,0.39085,1.59579,0.93546,1.37699,0.0007625,0.0007625,0.0007625
127,1932.1,0.7623,0.48759,0.91984,0.79981,0.74698,0.77169,0.39141,1.57372,0.88334,1.37693,0.0007526,0.0007526,0.0007526
128,1947.61,0.80556,0.48197,0.91529,0.83101,0.72092,0.77312,0.38726,1.6014,0.90467,1.38958,0.0007427,0.0007427,0.0007427
129,1963.09,0.74718,0.47779,0.90527,0.8064,0.75461,0.77733,0.39146,1.60424,0.88487,1.41038,0.0007328,0.0007328,0.0007328
130,1977.7,0.74236,0.46567,0.92225,0.82211,0.72155,0.76512,0.38962,1.61433,0.9353,1.39989,0.0007229,0.0007229,0.0007229
131,1991.36,0.73892,0.46713,0.89937,0.85416,0.71964,0.78485,0.39896,1.59723,0.91529,1.38485,0.000713,0.000713,0.000713
132,2005.23,0.76394,0.48271,0.91626,0.82535,0.74317,0.78726,0.40484,1.58681,0.88223,1.38297,0.0007031,0.0007031,0.0007031
133,2019.34,0.7358,0.4772,0.90702,0.82843,0.73554,0.78133,0.395,1.59628,0.89317,1.38241,0.0006932,0.0006932,0.0006932
134,2033.18,0.75119,0.47469,0.91384,0.84622,0.73299,0.78431,0.39361,1.59916,0.88013,1.38293,0.0006833,0.0006833,0.0006833
135,2047.47,0.75726,0.47687,0.90272,0.82067,0.74634,0.78593,0.39287,1.59605,0.90508,1.38727,0.0006734,0.0006734,0.0006734
136,2062.72,0.73874,0.46571,0.89117,0.81441,0.73808,0.77092,0.37694,1.64518,0.89451,1.42391,0.0006635,0.0006635,0.0006635
137,2076.74,0.75489,0.47557,0.91111,0.79416,0.74807,0.76752,0.38633,1.61328,0.9278,1.41023,0.0006536,0.0006536,0.0006536
138,2091.93,0.73972,0.45503,0.90688,0.83169,0.72879,0.7785,0.39337,1.59818,0.91392,1.38417,0.0006437,0.0006437,0.0006437
139,2106.18,0.73937,0.46133,0.91628,0.81267,0.7438,0.78347,0.40065,1.58817,0.90064,1.37757,0.0006338,0.0006338,0.0006338
140,2121.05,0.71328,0.45425,0.89719,0.83318,0.73346,0.77739,0.38971,1.60012,0.89653,1.37463,0.0006239,0.0006239,0.0006239
141,2135.47,0.71999,0.45134,0.90018,0.83867,0.71074,0.76147,0.38737,1.59576,0.90059,1.37338,0.000614,0.000614,0.000614
142,2149.21,0.70597,0.44333,0.90155,0.83427,0.73427,0.78367,0.39097,1.59167,0.90482,1.3672,0.0006041,0.0006041,0.0006041
143,2164.27,0.70747,0.47477,0.89294,0.81192,0.74762,0.7711,0.38562,1.59943,0.9061,1.39235,0.0005942,0.0005942,0.0005942
144,2178.3,0.65933,0.44684,0.88442,0.83654,0.74507,0.78469,0.39122,1.58901,0.8738,1.38569,0.0005843,0.0005843,0.0005843
145,2192.33,0.7241,0.45951,0.9074,0.81694,0.74613,0.78145,0.38712,1.61105,0.91495,1.38914,0.0005744,0.0005744,0.0005744
146,2207.89,0.71561,0.44584,0.89541,0.85137,0.71329,0.78256,0.3844,1.61837,0.91197,1.38509,0.0005645,0.0005645,0.0005645
147,2223.33,0.72551,0.45281,0.89793,0.80551,0.74779,0.77873,0.38864,1.60375,0.91024,1.41612,0.0005546,0.0005546,0.0005546
148,2238.8,0.7154,0.45143,0.90422,0.82126,0.74634,0.78273,0.39126,1.62283,0.91656,1.37899,0.0005447,0.0005447,0.0005447
149,2254.46,0.71838,0.45664,0.91234,0.84691,0.72473,0.77951,0.39291,1.60274,0.91186,1.39477,0.0005348,0.0005348,0.0005348
150,2269.99,0.68222,0.43046,0.89716,0.82908,0.72982,0.77829,0.39449,1.58184,0.89215,1.38732,0.0005249,0.0005249,0.0005249
151,2285.47,0.69496,0.44661,0.88059,0.83201,0.73681,0.77797,0.3931,1.59238,0.879,1.37736,0.000515,0.000515,0.000515
152,2300.87,0.70195,0.43948,0.89362,0.8417,0.74762,0.79161,0.39773,1.59083,0.88381,1.3766,0.0005051,0.0005051,0.0005051
153,2316.53,0.6637,0.43022,0.8729,0.8425,0.74253,0.78343,0.38979,1.61021,0.88777,1.40556,0.0004952,0.0004952,0.0004952
154,2332.17,0.72374,0.44552,0.88424,0.82273,0.74353,0.78539,0.3894,1.60272,0.8916,1.40061,0.0004853,0.0004853,0.0004853
155,2347.5,0.68433,0.43072,0.88632,0.84443,0.73045,0.78983,0.39604,1.58356,0.90069,1.38577,0.0004754,0.0004754,0.0004754
156,2362.2,0.67182,0.43076,0.87772,0.85298,0.72663,0.78581,0.39141,1.58081,0.88216,1.3874,0.0004655,0.0004655,0.0004655
157,2377.76,0.67846,0.43412,0.88338,0.84925,0.73172,0.78853,0.39231,1.58412,0.90199,1.38068,0.0004556,0.0004556,0.0004556
158,2392.52,0.67823,0.42969,0.87675,0.84406,0.73617,0.78625,0.38764,1.60516,0.92852,1.3817,0.0004457,0.0004457,0.0004457
159,2408.04,0.66232,0.41558,0.87592,0.86057,0.72791,0.79371,0.39581,1.58284,0.89881,1.38079,0.0004358,0.0004358,0.0004358
160,2423.54,0.64061,0.40874,0.8738,0.83203,0.74319,0.79161,0.39748,1.58253,0.87985,1.40027,0.0004259,0.0004259,0.0004259
161,2439.31,0.66645,0.43864,0.88925,0.83051,0.74189,0.79516,0.39664,1.58563,0.87419,1.3939,0.000416,0.000416,0.000416
162,2454.48,0.64151,0.41541,0.88293,0.81489,0.74889,0.7847,0.39585,1.58369,0.87814,1.39042,0.0004061,0.0004061,0.0004061
163,2468.62,0.63684,0.41913,0.87517,0.82333,0.74444,0.78805,0.39866,1.57477,0.8707,1.37256,0.0003962,0.0003962,0.0003962
164,2483.16,0.63094,0.40296,0.87809,0.84553,0.72728,0.79232,0.39987,1.57934,0.866,1.35931,0.0003863,0.0003863,0.0003863
165,2498.13,0.64836,0.41419,0.88843,0.84579,0.73236,0.78994,0.40006,1.57831,0.86943,1.3574,0.0003764,0.0003764,0.0003764
166,2512.16,0.65671,0.41284,0.88182,0.85566,0.72537,0.78664,0.39487,1.59482,0.87662,1.38179,0.0003665,0.0003665,0.0003665
167,2525.99,0.65913,0.41917,0.87694,0.86862,0.72282,0.79342,0.39563,1.59315,0.86659,1.37073,0.0003566,0.0003566,0.0003566
168,2540.05,0.64909,0.4085,0.87559,0.82361,0.75098,0.79155,0.3949,1.58026,0.85931,1.38547,0.0003467,0.0003467,0.0003467
169,2554.65,0.66353,0.40823,0.87674,0.83919,0.74253,0.79353,0.40079,1.56997,0.86225,1.37636,0.0003368,0.0003368,0.0003368
170,2568.99,0.66285,0.40671,0.87685,0.84282,0.73744,0.79209,0.39843,1.57208,0.86685,1.37742,0.0003269,0.0003269,0.0003269
171,2583.03,0.60645,0.38976,0.86944,0.84509,0.73178,0.78916,0.3973,1.58162,0.87266,1.36928,0.000317,0.000317,0.000317
172,2598.28,0.61396,0.38314,0.87271,0.84744,0.73109,0.79,0.4026,1.57329,0.89509,1.36615,0.0003071,0.0003071,0.0003071
173,2613.96,0.65321,0.40867,0.87482,0.84134,0.72819,0.79022,0.401,1.58896,0.89015,1.38284,0.0002972,0.0002972,0.0002972
174,2629.64,0.6099,0.39563,0.86059,0.85647,0.71697,0.7858,0.39303,1.5924,0.89033,1.39022,0.0002873,0.0002873,0.0002873
175,2645.21,0.60324,0.38534,0.87187,0.86149,0.72346,0.79108,0.39994,1.58234,0.86966,1.3829,0.0002774,0.0002774,0.0002774
176,2660.79,0.63183,0.40588,0.87273,0.85846,0.72489,0.79139,0.40043,1.57583,0.88625,1.38858,0.0002675,0.0002675,0.0002675
177,2676.64,0.66596,0.40413,0.86571,0.86442,0.72219,0.78892,0.39857,1.58755,0.87907,1.39298,0.0002576,0.0002576,0.0002576
178,2692.38,0.6667,0.41111,0.89144,0.85944,0.7269,0.79271,0.39524,1.58019,0.87321,1.40292,0.0002477,0.0002477,0.0002477
179,2708,0.58879,0.37578,0.86122,0.85742,0.73109,0.79105,0.39742,1.58543,0.87853,1.40887,0.0002378,0.0002378,0.0002378
180,2723.5,0.62054,0.39174,0.87261,0.86411,0.71837,0.78521,0.3991,1.584,0.89246,1.40541,0.0002279,0.0002279,0.0002279
181,2739.01,0.58547,0.37557,0.85593,0.86077,0.71924,0.79112,0.40158,1.56839,0.88,1.39566,0.000218,0.000218,0.000218
182,2754.77,0.60978,0.38484,0.8723,0.84597,0.73617,0.793,0.4022,1.56779,0.87204,1.39747,0.0002081,0.0002081,0.0002081
183,2770.55,0.61509,0.38289,0.87396,0.83054,0.74466,0.78818,0.40191,1.56758,0.88378,1.38334,0.0001982,0.0001982,0.0001982
184,2786,0.60175,0.37812,0.86711,0.83873,0.73617,0.78748,0.39788,1.57507,0.88865,1.38694,0.0001883,0.0001883,0.0001883
185,2801.48,0.55673,0.36533,0.85557,0.86869,0.71917,0.78984,0.40096,1.57504,0.89093,1.38903,0.0001784,0.0001784,0.0001784
186,2817.1,0.59979,0.38467,0.86366,0.87297,0.71583,0.79123,0.40571,1.56611,0.87381,1.39415,0.0001685,0.0001685,0.0001685
187,2833.05,0.57327,0.37372,0.86122,0.87859,0.7171,0.79462,0.40786,1.56802,0.87379,1.38531,0.0001586,0.0001586,0.0001586
188,2848.66,0.55433,0.35915,0.85351,0.87998,0.70884,0.7912,0.40076,1.57812,0.88194,1.38687,0.0001487,0.0001487,0.0001487
189,2864.33,0.61093,0.39225,0.85987,0.88019,0.70184,0.78691,0.39981,1.58279,0.8727,1.39481,0.0001388,0.0001388,0.0001388
190,2879.92,0.58647,0.36334,0.86592,0.83125,0.74444,0.79116,0.4063,1.56512,0.86571,1.37897,0.0001289,0.0001289,0.0001289
191,2963.75,0.60472,0.36628,0.8423,0.85295,0.72645,0.78674,0.40341,1.57492,0.86074,1.39999,0.000119,0.000119,0.000119
192,2979.56,0.58691,0.36484,0.84232,0.83826,0.72727,0.78126,0.40012,1.58094,0.86812,1.39438,0.0001091,0.0001091,0.0001091
193,2995.28,0.58407,0.35995,0.86545,0.82084,0.73979,0.77965,0.40135,1.57758,0.87614,1.39964,9.92e-05,9.92e-05,9.92e-05
194,3010.88,0.57282,0.35682,0.84808,0.84574,0.72495,0.78377,0.4042,1.57695,0.87242,1.40604,8.93e-05,8.93e-05,8.93e-05
195,3026.2,0.56936,0.35618,0.85483,0.83359,0.73999,0.78476,0.40578,1.5746,0.87939,1.4029,7.94e-05,7.94e-05,7.94e-05
196,3041.48,0.56336,0.34575,0.84642,0.82206,0.74762,0.78528,0.40296,1.57426,0.8873,1.39468,6.95e-05,6.95e-05,6.95e-05
197,3057.18,0.56607,0.35375,0.84372,0.81868,0.74916,0.78601,0.40396,1.57108,0.88636,1.3947,5.96e-05,5.96e-05,5.96e-05
198,3071.32,0.55733,0.34854,0.83625,0.83129,0.74241,0.78698,0.4015,1.57148,0.88001,1.39978,4.97e-05,4.97e-05,4.97e-05
199,3085.42,0.58752,0.45432,0.87135,0.84007,0.73464,0.78861,0.40382,1.56814,0.87802,1.39885,3.98e-05,3.98e-05,3.98e-05
200,3100.42,0.56619,0.35537,0.84446,0.83727,0.72943,0.78118,0.40347,1.56409,0.87442,1.39508,2.99e-05,2.99e-05,2.99e-05
